,,,,,,,,,,,,,
,Photos - Hero,Wandering Fern Unisex Hoodie,Europa Flower Crew neck sweatshirt,Our North Stars Unisex classic tee,Hummingbird Floral Skater Dress,Under Armour® athletic t-shirt,Europa Waters Unisex Hoodie,Europa Waters Unisex Sweatshirt,Europa Waters Unisex classic tee,Jupiter and Galilean Moons Unisex Premium Sweatshirt,Kepler's First Law,Europa Flower Unisex Hoodie,
,1,unisex-heavy-blend-hoodie-black-front-6a61ea0bee63a,unisex-premium-pullover-hoodie-black-front-6a628680bac59,unisex-classic-tee-black-front-2-6a61a641909ac,all-over-print-skater-dress-white-front-6a61a5658b687,mens-under-armour-athletic-t-shirt-black-front-6a61a5147fda4,unisex-heavy-blend-hoodie-black-front-6a61646838c41,unisex-crew-neck-sweatshirt-gold-front-6a61660c6ecdd,unisex-classic-tee-black-front-2-6a61789860a65,unisex-premium-sweatshirt-black-front-2-6a61679fde062,unisex-premium-pullover-hoodie-dusty-rose-front-6a621a1c580e7,unisex-nublend-sweatshirt-black-front-6a6287058cd1d,
,2,unisex-heavy-blend-hoodie-black-front-6a61ea0beec5d,unisex-premium-pullover-hoodie-black-back-6a628680bbdc6,unisex-classic-tee-carolina-blue-front-6a61a64191a14,all-over-print-skater-dress-white-front-6a61a5658b1b8,mens-under-armour-athletic-t-shirt-black-right-front-6a61a5147ff50, unisex-heavy-blend-hoodie-black-front-6a61646835f43,unisex-crew-neck-sweatshirt-gold-front-6a61660c682d5,unisex-classic-tee-azalea-front-6a617898625cc,unisex-premium-sweatshirt-black-front-6a61679fdd0a4,unisex-premium-pullover-hoodie-team-red-front-6a621a1c571cd,unisex-nublend-sweatshirt-black-front-6a6287058b075,
,3,unisex-heavy-blend-hoodie-forest-green-front-6a61ea0bedcc0,unisex-premium-pullover-hoodie-charcoal-heather-front-6a628680bb234,unisex-classic-tee-light-pink-front-2-6a61a6419179f,all-over-print-skater-dress-white-front-6a61a5658aee6,mens-under-armour-athletic-t-shirt-black-left-front-2-6a61a51480634,unisex-heavy-blend-hoodie-black-front-6a616468396e4,unisex-crew-neck-sweatshirt-black-front-6a61660b498ee,unisex-classic-tee-carolina-blue-front-6a61789861eb3,unisex-premium-sweatshirt-vintage-black-right-front-6a61679fdebc8,unisex-premium-pullover-hoodie-team-red-back-6a621a1c594f4,unisex-nublend-sweatshirt-black-left-front-6a6287058c543,
,4,unisex-heavy-blend-hoodie-gold-back-2-6a61ea0bf38cd,unisex-premium-pullover-hoodie-white-front-6a628680bb6be,unisex-classic-tee-military-green-right-front-6a61a64190e55,all-over-print-skater-dress-white-back-6a61a5658b850,mens-under-armour-athletic-t-shirt-navy-front-and-back-6a61a5147fc46,unisex-heavy-blend-hoodie-light-blue-front-6a61646837f82,unisex-crew-neck-sweatshirt-black-front-6a61660b4d4fe,unisex-classic-tee-gold-front-6a61789860e6c,unisex-premium-sweatshirt-team-royal-left-front-6a61679fde6df,unisex-premium-pullover-hoodie-sky-blue-front-6a621a1c59043,unisex-nublend-sweatshirt-white-front-2-6a6287058c8e7,
,5,unisex-heavy-blend-hoodie-light-pink-back-6a61ea0bf1b49,unisex-premium-pullover-hoodie-black-back-6a628680bbf79,unisex-classic-tee-natural-front-2-6a61a64190af0,all-over-print-skater-dress-white-back-6a61a5658b01d,mens-under-armour-athletic-t-shirt-white-front-6a61a5148087a,unisex-heavy-blend-hoodie-light-pink-front-6a616468359d9,unisex-crew-neck-sweatshirt-gold-front-6a61660c718ca,unisex-classic-tee-gold-right-front-6a617898615ee,unisex-premium-sweatshirt-navy-blazer-front-2-6a61679fde200,unisex-premium-pullover-hoodie-sky-blue-back-6a621a1c57928,unisex-nublend-sweatshirt-white-front-6a6287058b5e7,
,6,unisex-heavy-blend-hoodie-white-front-6a61ea0bf167d,unisex-premium-pullover-hoodie-vintage-black-front-6a628680bab03,unisex-classic-tee-carolina-blue-front-6a61a6418fda2,all-over-print-skater-dress-white-back-6a61a5658b367,mens-under-armour-athletic-t-shirt-white-front-6a61a5147fe29,unisex-heavy-blend-hoodie-sand-front-6a6164683652c,unisex-crew-neck-sweatshirt-light-blue-front-6a61660d11004,unisex-classic-tee-light-pink-front-6a617898626ce,unisex-premium-sweatshirt-black-front-6a61679fdc3b9,unisex-premium-pullover-hoodie-sky-blue-back-6a621a1c57bbd,unisex-nublend-sweatshirt-white-front-6a6287058b192,
,7,unisex-heavy-blend-hoodie-white-front-6a61ea0beee42,unisex-premium-pullover-hoodie-navy-blazer-front-2-6a628680bc947,unisex-classic-tee-azalea-front-6a61a64191442,all-over-print-skater-dress-white-right-6a61a5658b999,mens-under-armour-athletic-t-shirt-grey-front-6a61a5147fddc,unisex-heavy-blend-hoodie-white-front-6a61646836b7c,unisex-crew-neck-sweatshirt-light-pink-front-6a61660f7a1d6,unisex-classic-tee-natural-front-6a61789862296,unisex-premium-sweatshirt-charcoal-heather-front-6a61679fdd789,unisex-premium-pullover-hoodie-team-red-front-6a621a1c58a15,unisex-nublend-sweatshirt-white-front-6a6287058cd62,
,8,unisex-heavy-blend-hoodie-navy-front-2-6a61ea0bf31d2,unisex-premium-pullover-hoodie-maroon-front-6a628680bba3a,unisex-classic-tee-sky-front-2-6a61a64190bb2,all-over-print-skater-dress-white-right-6a61a5658acd4,mens-under-armour-athletic-t-shirt-grey-right-front-6a61a514802e6,unisex-heavy-blend-hoodie-white-front-6a616468388c2,unisex-crew-neck-sweatshirt-light-pink-front-6a61660f81cfc,unisex-classic-tee-sky-front-and-back-6a617898635e2,unisex-premium-sweatshirt-dusty-rose-right-front-6a61679fddd18,unisex-premium-pullover-hoodie-sky-blue-front-6a621a1c59043,,
,9,unisex-heavy-blend-hoodie-purple-front-6a61ea0befd4c,unisex-premium-pullover-hoodie-forest-green-front-6a628680ba87a,unisex-classic-tee-white-right-front-6a61a64190fb2,all-over-print-skater-dress-white-product-details-6a61a5658b502,mens-under-armour-athletic-t-shirt-navy-front-6a61a5147fa35,unisex-heavy-blend-hoodie-black-front-6a61646835951,unisex-crew-neck-sweatshirt-gold-front-6a61660c90717,unisex-classic-tee-white-left-front-6a617898602c4,unisex-premium-sweatshirt-forest-green-front-2-6a61679fde1b8,unisex-premium-pullover-hoodie-sky-blue-back-6a621a1c5948b,,
,10,unisex-heavy-blend-hoodie-sand-back-6a61ea0c00d03,unisex-premium-pullover-hoodie-forest-green-back-6a628680bbe03,unisex-classic-tee-royal-front-2-6a61a641917fb,,,,,,,,,
